{
  "londra": "london",
  "moskova": "moscow",
  "pekin": "beijing",
  "roma": "rome",
  "viyana": "vienna",
  "prag": "prague",
  "kahire": "cairo",
  "atina": "athens",
  "kudüs": "jerusalem",
  "brüksel": "brussels",
  "lizbon": "lisbon",
  "varşova": "warsaw",
  "bükreş": "bucharest",
  "budapeşte": "budapest",
  "sofya": "sofia",
  "saraybosna": "sarajevo",
  "üsküp": "skopje",
  "priştine": "pristina",
  "kopenhag": "copenhagen",
  "kişinev": "chisinau",
  "zürih": "zurich",
  "cenevre": "geneva",
  "münih": "munich",
  "köln": "cologne",
  "nürnberg": "nuremberg",
  "venedik": "venice",
  "napoli": "naples",
  "floransa": "florence",
  "cenova": "genoa",
  "barselona": "barcelona",
  "marsilya": "marseille",
  "mekke": "mecca",
  "medine": "medina",
  "şam": "damascus",
  "halep": "aleppo",
  "bağdat": "baghdad",
  "basra": "basra",
  "musul": "mosul",
  "tahran": "tehran",
  "isfahan": "isfahan",
  "tebriz": "tabriz",
  "meşhed": "mashhad",
  "şiraz": "shiraz",
  "karaçi": "karachi",
  "kalküta": "kolkata",
  "bombay": "mumbai",
  "yeni delhi": "new delhi",
  "madras": "chennai",
  "haydarabad": "hyderabad",
  "bangalore": "bengaluru",
  "kalkuta": "calcutta"
}